{
	"pattrstorage" : 	{
		"name" : "hyena[1]",
		"slots" : 		{
			"1" : 			{
				"id" : 1,
				"data" : 				{
					"button" : [ 1.0 ],
					"button[10]" : [ 1.0 ],
					"button[1]" : [ 1.0 ],
					"button[2]" : [ 1.0 ],
					"button[3]" : [ 1.0 ],
					"button[4]" : [ 1.0 ],
					"button[56]" : [ 1.0 ],
					"button[57]" : [ 1.0 ],
					"button[58]" : [ 1.0 ],
					"button[59]" : [ 1.0 ],
					"button[5]" : [ 1.0 ],
					"button[60]" : [ 1.0 ],
					"button[61]" : [ 1.0 ],
					"button[62]" : [ 1.0 ],
					"button[63]" : [ 1.0 ],
					"button[6]" : [ 1.0 ],
					"button[7]" : [ 1.0 ],
					"button[8]" : [ 1.0 ],
					"button[9]" : [ 1.0 ],
					"function" : [ 1000.0, 0.0, 0.990000009536743, 0.0, 0.0, 0, 0.0, 0.0, 0.990000009536743, 0, 0.0, 122.251192260380719, 0.0, 0, -0.7, "curve" ],
					"function[1]" : [ 2000.0, 0.0, 1.0, 0.0, 0.0, 0, 0.0, 0.0, 1.0, 0, -0.7, 305.62798065095177, 0.990201165515136, 0, 0.0, 1039.135134213236142, 0.0, 0, -0.65, "curve" ],
					"function[2]" : [ 2000.0, 0.0, 1.0, 0.0, 0.0, 0, 0.0, 0.0, 1.0, 0, 0.65, 17.467248908296945, 0.0, 0, 0.0, 218.340611353711779, 1.0, 0, 0.7, 305.676855895196525, 1.0, 0, 0.35, 314.410480349344994, 0.0, 0, -0.75, "curve" ],
					"function[3]" : [ 2000.0, 0.0, 1.0, 0.0, 0.0, 0, 0.0, 43.661140092993115, 0.287166390590059, 0, 0.5, 480.272541022924258, 1.0, 0, -0.7, 1274.905290715398905, 0.042632555833511, 0, -0.845, "curve" ],
					"gain~" : [ 127 ],
					"gain~[1]" : [ 116 ],
					"matrixctrl" : [ 0, 0, 1, 0, 2, 1, 2, 1, 1, 4, 0, 1, 4, 1, 1, 6, 1, 1, 8, 1, 1, 9, 1, 1, 10, 0, 1, 12, 0, 1, 12, 1, 1, 12, 2, 1, 14, 1, 1 ],
					"number" : [ 55.0 ],
					"number[10]" : [ 13.150000000000002 ],
					"number[11]" : [ 7 ],
					"number[12]" : [ 1 ],
					"number[1]" : [ 13 ],
					"number[2]" : [ 13 ],
					"number[3]" : [ 42.547363744879419 ],
					"number[4]" : [ 708.650006055831795 ],
					"number[5]" : [ 0 ],
					"number[6]" : [ 7 ],
					"number[7]" : [ 13 ],
					"number[8]" : [ 13 ],
					"number[9]" : [ 495.0 ],
					"rslider" : [ 0.0, 0.0 ],
					"rslider[1]" : [ 0.0, 0.0 ],
					"rslider[2]" : [ 0.0, 0.0 ],
					"rslider[3]" : [ 0.0, 0.0 ],
					"slider" : [ 425.473637448794136 ],
					"toggle" : [ 0 ],
					"toggle[1]" : [ 0 ],
					"toggle[27]" : [ 0 ],
					"toggle[2]" : [ 0 ],
					"toggle[3]" : [ 0 ],
					"toggle[4]" : [ 0 ],
					"toggle[53]" : [ 0 ],
					"toggle[5]" : [ 0 ],
					"toggle[6]" : [ 0 ],
					"toggle[7]" : [ 0 ]
				}

			}
,
			"2" : 			{
				"id" : 2,
				"data" : 				{
					"button" : [ 1.0 ],
					"button[10]" : [ 1.0 ],
					"button[1]" : [ 1.0 ],
					"button[2]" : [ 1.0 ],
					"button[3]" : [ 1.0 ],
					"button[4]" : [ 1.0 ],
					"button[56]" : [ 1.0 ],
					"button[57]" : [ 1.0 ],
					"button[58]" : [ 1.0 ],
					"button[59]" : [ 1.0 ],
					"button[5]" : [ 1.0 ],
					"button[60]" : [ 1.0 ],
					"button[61]" : [ 1.0 ],
					"button[62]" : [ 1.0 ],
					"button[63]" : [ 1.0 ],
					"button[6]" : [ 1.0 ],
					"button[7]" : [ 1.0 ],
					"button[8]" : [ 1.0 ],
					"button[9]" : [ 1.0 ],
					"function" : [ 1000.0, 0.0, 0.990000009536743, 0.0, 0.0, 0, 0.0, 0.0, 0.990000009536743, 0, 0.0, 122.251192260380719, 0.0, 0, -0.7, "curve" ],
					"function[1]" : [ 2000.0, 0.0, 1.0, 0.0, 0.0, 0, 0.0, 0.0, 1.0, 0, -0.7, 305.62798065095177, 0.990201165515136, 0, 0.0, 1039.135134213236142, 0.0, 0, -0.65, "curve" ],
					"function[2]" : [ 2000.0, 0.0, 1.0, 0.0, 0.0, 0, 0.0, 0.0, 1.0, 0, 0.65, 17.467248908296945, 0.0, 0, 0.0, 218.340611353711779, 1.0, 0, 0.7, 305.676855895196525, 1.0, 0, 0.35, 314.410480349344994, 0.0, 0, -0.75, "curve" ],
					"function[3]" : [ 2000.0, 0.0, 1.0, 0.0, 0.0, 0, 0.0, 0.0, 1.0, 0, 0.5, 34.928912074394489, 1.0, 0, 0.0, 130.983420278979338, 0.0, 0, -0.55, 349.28912074394492, 0.990201165515136, 0, 0.6, 550.130365171713265, 1.0, 0, -0.7, 1545.604359291956143, 0.0, 0, -0.445, "curve" ],
					"gain~" : [ 127 ],
					"gain~[1]" : [ 116 ],
					"matrixctrl" : [ 0, 0, 1, 0, 2, 1, 2, 2, 1, 3, 0, 1, 4, 0, 1, 4, 1, 1, 6, 0, 1, 6, 1, 1, 8, 1, 1, 9, 1, 1, 10, 0, 1, 10, 2, 1, 11, 2, 1, 12, 0, 1, 12, 2, 1, 14, 0, 1, 14, 1, 1, 14, 2, 1 ],
					"number" : [ 55.0 ],
					"number[10]" : [ 13.150000000000002 ],
					"number[11]" : [ 7 ],
					"number[12]" : [ 1 ],
					"number[1]" : [ 11 ],
					"number[2]" : [ 11 ],
					"number[3]" : [ 42.547363744879419 ],
					"number[4]" : [ 708.650006055831795 ],
					"number[5]" : [ 0 ],
					"number[6]" : [ 7 ],
					"number[7]" : [ 11 ],
					"number[8]" : [ 11 ],
					"number[9]" : [ 495.0 ],
					"rslider" : [ 0.0, 0.0 ],
					"rslider[1]" : [ 0.0, 0.0 ],
					"rslider[2]" : [ 0.0, 0.0 ],
					"rslider[3]" : [ 0.0, 0.0 ],
					"slider" : [ 425.473637448794136 ],
					"toggle" : [ 0 ],
					"toggle[1]" : [ 0 ],
					"toggle[27]" : [ 1 ],
					"toggle[2]" : [ 0 ],
					"toggle[3]" : [ 0 ],
					"toggle[4]" : [ 0 ],
					"toggle[53]" : [ 0 ],
					"toggle[5]" : [ 0 ],
					"toggle[6]" : [ 0 ],
					"toggle[7]" : [ 0 ]
				}

			}
,
			"3" : 			{
				"id" : 3,
				"data" : 				{
					"button" : [ 1.0 ],
					"button[10]" : [ 1.0 ],
					"button[1]" : [ 1.0 ],
					"button[2]" : [ 1.0 ],
					"button[3]" : [ 1.0 ],
					"button[4]" : [ 1.0 ],
					"button[56]" : [ 1.0 ],
					"button[57]" : [ 1.0 ],
					"button[58]" : [ 1.0 ],
					"button[59]" : [ 1.0 ],
					"button[5]" : [ 1.0 ],
					"button[60]" : [ 1.0 ],
					"button[61]" : [ 1.0 ],
					"button[62]" : [ 1.0 ],
					"button[63]" : [ 1.0 ],
					"button[6]" : [ 1.0 ],
					"button[7]" : [ 1.0 ],
					"button[8]" : [ 1.0 ],
					"button[9]" : [ 1.0 ],
					"function" : [ 1000.0, 0.0, 0.990000009536743, 0.0, 0.0, 0, 0.0, 0.0, 0.990000009536743, 0, 0.0, 122.251192260380719, 0.0, 0, -0.7, "curve" ],
					"function[1]" : [ 2000.0, 0.0, 1.0, 0.0, 0.0, 0, 0.0, 0.0, 1.0, 0, -0.7, 305.62798065095177, 0.990201165515136, 0, 0.0, 1039.135134213236142, 0.0, 0, -0.65, "curve" ],
					"function[2]" : [ 2000.0, 0.0, 1.0, 0.0, 0.0, 0, 0.0, 0.0, 1.0, 0, 0.65, 17.467248908296945, 0.0, 0, 0.0, 218.340611353711779, 1.0, 0, 0.7, 305.676855895196525, 1.0, 0, 0.35, 314.410480349344994, 0.0, 0, -0.75, "curve" ],
					"function[3]" : [ 2000.0, 0.0, 1.0, 0.0, 0.0, 0, 0.0, 0.0, 1.0, 0, 0.5, 34.928912074394489, 1.0, 0, 0.0, 130.983420278979338, 0.0, 0, -0.55, 349.28912074394492, 0.990201165515136, 0, 0.6, 550.130365171713265, 1.0, 0, -0.7, 1545.604359291956143, 0.0, 0, -0.445, "curve" ],
					"gain~" : [ 127 ],
					"gain~[1]" : [ 111 ],
					"matrixctrl" : [ 0, 0, 1, 0, 2, 1, 2, 2, 1, 4, 0, 1, 4, 1, 1, 6, 0, 1, 6, 1, 1, 8, 1, 1, 9, 1, 1, 10, 0, 1, 10, 2, 1, 12, 0, 1, 12, 1, 1, 12, 2, 1, 14, 0, 1, 14, 1, 1, 14, 2, 1, 15, 1, 1 ],
					"number" : [ 55.0 ],
					"number[10]" : [ 13.150000000000002 ],
					"number[11]" : [ 7 ],
					"number[12]" : [ 1 ],
					"number[1]" : [ 14 ],
					"number[2]" : [ 14 ],
					"number[3]" : [ 10.793030726351061 ],
					"number[4]" : [ 1198.700010776519548 ],
					"number[5]" : [ 0 ],
					"number[6]" : [ 7 ],
					"number[7]" : [ 14 ],
					"number[8]" : [ 14 ],
					"number[9]" : [ 495.0 ],
					"rslider" : [ 0.0, 0.0 ],
					"rslider[1]" : [ 0.0, 0.0 ],
					"rslider[2]" : [ 0.0, 0.0 ],
					"rslider[3]" : [ 0.0, 0.0 ],
					"slider" : [ 107.930307263510599 ],
					"toggle" : [ 0 ],
					"toggle[1]" : [ 0 ],
					"toggle[27]" : [ 0 ],
					"toggle[2]" : [ 0 ],
					"toggle[3]" : [ 0 ],
					"toggle[4]" : [ 0 ],
					"toggle[53]" : [ 0 ],
					"toggle[5]" : [ 0 ],
					"toggle[6]" : [ 0 ],
					"toggle[7]" : [ 1 ]
				}

			}
,
			"4" : 			{
				"id" : 4,
				"data" : 				{
					"button" : [ 1.0 ],
					"button[10]" : [ 1.0 ],
					"button[1]" : [ 1.0 ],
					"button[2]" : [ 1.0 ],
					"button[3]" : [ 1.0 ],
					"button[4]" : [ 1.0 ],
					"button[56]" : [ 1.0 ],
					"button[57]" : [ 1.0 ],
					"button[58]" : [ 1.0 ],
					"button[59]" : [ 1.0 ],
					"button[5]" : [ 1.0 ],
					"button[60]" : [ 1.0 ],
					"button[61]" : [ 1.0 ],
					"button[62]" : [ 1.0 ],
					"button[63]" : [ 1.0 ],
					"button[6]" : [ 1.0 ],
					"button[7]" : [ 1.0 ],