{
	"pattrstorage" : 	{
		"name" : "hyena[1]",
		"slots" : 		{
			"1" : 			{
				"id" : 1,
				"data" : 				{
					"button" : [ 1.0 ],
					"button[10]" : [ 1.0 ],
					"button[1]" : [ 1.0 ],
					"button[2]" : [ 1.0 ],
					"button[3]" : [ 1.0 ],
					"button[4]" : [ 1.0 ],
					"button[56]" : [ 1.0 ],
					"button[57]" : [ 1.0 ],
					"button[58]" : [ 1.0 ],
					"button[59]" : [ 1.0 ],
					"button[5]" : [ 1.0 ],
					"button[60]" : [ 1.0 ],
					"button[61]" : [ 1.0 ],
					"button[62]" : [ 1.0 ],
					"button[63]" : [ 1.0 ],
					"button[6]" : [ 1.0 ],
					"button[7]" : [ 1.0 ],
					"button[8]" : [ 1.0 ],
					"button[9]" : [ 1.0 ],
					"function" : [ 1000.0, 0.0, 0.990000009536743, 0.0, 0.0, 0, 0.0, 0.0, 0.990000009536743, 0, 0.0, 96.054508204584849, 0.0, 0, -0.7, "curve" ],
					"function[1]" : [ 2000.0, 0.0, 1.0, 0.0, 0.0, 0, 0.0, 0.0, 1.0, 0, -0.7, 305.62798065095177, 0.990201165515136, 0, 0.0, 1039.135134213236142, 0.0, 0, -0.65, "curve" ],
					"function[2]" : [ 2000.0, 0.0, 1.0, 0.0, 0.0, 0, 0.0, 0.0, 1.0, 0, 0.0, 0.0, 1.0, 0, 0.0, 314.410480349344994, 0.0, 0, -0.75, "curve" ],
					"function[3]" : [ 2000.0, 0.0, 1.0, 0.0, 0.0, 0, 0.0, 489.004769041522877, 0.990201165515136, 0, 0.5, 838.293889785467741, 0.470566766657471, 0, -0.7, 1274.905290715398905, 0.042632555833511, 0, -0.845, "curve" ],
					"gain~" : [ 121 ],
					"gain~[1]" : [ 86 ],
					"matrixctrl" : [ 0, 0, 1, 0, 2, 1, 2, 1, 1, 4, 0, 1, 6, 1, 1, 8, 0, 1, 8, 2, 1, 10, 1, 1, 12, 0, 1, 14, 1, 1 ],
					"number" : [ 55.0 ],
					"number[10]" : [ 18.0 ],
					"number[3]" : [ 9.771397737021211 ],
					"number[4]" : [ 990.0 ],
					"number[5]" : [ 0 ],
					"number[6]" : [ 7 ],
					"number[7]" : [ 15 ],
					"number[8]" : [ 14 ],
					"number[9]" : [ 990.0 ],
					"rslider" : [ 0.0, 0.0 ],
					"rslider[1]" : [ 0.0, 0.0 ],
					"rslider[2]" : [ 0.0, 0.0 ],
					"rslider[3]" : [ 0.0, 0.0 ],
					"slider" : [ 97.713977370212092 ],
					"toggle" : [ 0 ],
					"toggle[1]" : [ 0 ],
					"toggle[27]" : [ 0 ],
					"toggle[2]" : [ 0 ],
					"toggle[3]" : [ 0 ],
					"toggle[4]" : [ 0 ],
					"toggle[53]" : [ 0 ],
					"toggle[54]" : [ 0 ],
					"toggle[55]" : [ 0 ],
					"toggle[56]" : [ 0 ],
					"toggle[5]" : [ 0 ],
					"toggle[6]" : [ 0 ],
					"toggle[7]" : [ 0 ]
				}

			}
,
			"2" : 			{
				"id" : 2,
				"data" : 				{
					"button" : [ 1.0 ],
					"button[10]" : [ 1.0 ],
					"button[1]" : [ 1.0 ],
					"button[2]" : [ 1.0 ],
					"button[3]" : [ 1.0 ],
					"button[4]" : [ 1.0 ],
					"button[56]" : [ 1.0 ],
					"button[57]" : [ 1.0 ],
					"button[58]" : [ 1.0 ],
					"button[59]" : [ 1.0 ],
					"button[5]" : [ 1.0 ],
					"button[60]" : [ 1.0 ],
					"button[61]" : [ 1.0 ],
					"button[62]" : [ 1.0 ],
					"button[63]" : [ 1.0 ],
					"button[6]" : [ 1.0 ],
					"button[7]" : [ 1.0 ],
					"button[8]" : [ 1.0 ],
					"button[9]" : [ 1.0 ],
					"function" : [ 1000.0, 0.0, 0.990000009536743, 0.0, 0.0, 0, 0.0, 0.0, 0.990000009536743, 0, 0.0, 96.054508204584849, 0.0, 0, -0.7, "curve" ],
					"function[1]" : [ 2000.0, 0.0, 1.0, 0.0, 0.0, 0, 0.0, 0.0, 1.0, 0, -0.7, 200.841244427768316, 0.0, 0, 0.0, 305.62798065095177, 0.990201165515136, 0, 0.0, 1039.135134213236142, 0.0, 0, -0.65, "curve" ],
					"function[2]" : [ 2000.0, 0.0, 1.0, 0.0, 0.0, 0, 0.0, 0.0, 1.0, 0, 0.0, 0.0, 1.0, 0, 0.0, 227.074235807860248, 0.568848250992698, 0, 0.0, 314.410480349344994, 0.0, 0, -0.75, "curve" ],
					"function[3]" : [ 2000.0, 0.0, 1.0, 0.0, 0.0, 0, 0.0, 489.004769041522877, 0.990201165515136, 0, 0.5, 838.293889785467741, 0.470566766657471, 0, -0.7, 1274.905290715398905, 0.042632555833511, 0, -0.845, "curve" ],
					"gain~" : [ 121 ],
					"gain~[1]" : [ 86 ],
					"matrixctrl" : [ 0, 0, 1, 0, 2, 1, 2, 1, 1, 4, 0, 1, 6, 1, 1, 8, 0, 1, 8, 2, 1, 10, 1, 1, 11, 2, 1, 12, 0, 1, 14, 1, 1, 15, 0, 1, 15, 1, 1 ],
					"number" : [ 55.0 ],
					"number[10]" : [ 18.0 ],
					"number[3]" : [ 9.771397737021211 ],
					"number[4]" : [ 990.0 ],
					"number[5]" : [ 1 ],
					"number[6]" : [ 0 ],
					"number[7]" : [ 15 ],
					"number[8]" : [ 3 ],
					"number[9]" : [ 990.0 ],
					"rslider" : [ 0.0, 0.0 ],
					"rslider[1]" : [ 0.0, 0.0 ],
					"rslider[2]" : [ 0.0, 0.0 ],
					"rslider[3]" : [ 0.0, 0.0 ],
					"slider" : [ 97.713977370212092 ],
					"toggle" : [ 0 ],
					"toggle[1]" : [ 0 ],
					"toggle[27]" : [ 0 ],
					"toggle[2]" : [ 1 ],
					"toggle[3]" : [ 0 ],
					"toggle[4]" : [ 0 ],
					"toggle[53]" : [ 1 ],
					"toggle[54]" : [ 1 ],
					"toggle[55]" : [ 1 ],
					"toggle[56]" : [ 1 ],
					"toggle[5]" : [ 0 ],
					"toggle[6]" : [ 0 ],
					"toggle[7]" : [ 0 ]
				}

			}
,
			"3" : 			{
				"id" : 3,
				"data" : 				{
					"button" : [ 1.0 ],
					"button[10]" : [ 1.0 ],
					"button[1]" : [ 1.0 ],
					"button[2]" : [ 1.0 ],
					"button[3]" : [ 1.0 ],
					"button[4]" : [ 1.0 ],
					"button[56]" : [ 1.0 ],
					"button[57]" : [ 1.0 ],
					"button[58]" : [ 1.0 ],
					"button[59]" : [ 1.0 ],
					"button[5]" : [ 1.0 ],
					"button[60]" : [ 1.0 ],
					"button[61]" : [ 1.0 ],
					"button[62]" : [ 1.0 ],
					"button[63]" : [ 1.0 ],
					"button[6]" : [ 1.0 ],
					"button[7]" : [ 1.0 ],
					"button[8]" : [ 1.0 ],
					"button[9]" : [ 1.0 ],
					"function" : [ 1000.0, 0.0, 0.990000009536743, 0.0, 0.0, 0, 0.0, 0.0, 0.990000009536743, 0, 0.0, 96.054508204584849, 0.0, 0, -0.7, "curve" ],
					"function[1]" : [ 2000.0, 0.0, 1.0, 0.0, 0.0, 0, 0.0, 0.0, 1.0, 0, -0.7, 305.62798065095177, 0.990201165515136, 0, 0.0, 1039.135134213236142, 0.0, 0, -0.65, "curve" ],
					"function[2]" : [ 2000.0, 0.0, 1.0, 0.0, 0.0, 0, 0.0, 0.0, 1.0, 0, 0.0, 0.0, 1.0, 0, 0.0, 227.074235807860248, 0.568848250992698, 0, 0.0, 314.410480349344994, 0.0, 0, -0.75, "curve" ],
					"function[3]" : [ 2000.0, 0.0, 1.0, 0.0, 0.0, 0, 0.0, 489.004769041522877, 0.990201165515136, 0, 0.5, 838.293889785467741, 0.470566766657471, 0, -0.7, 1274.905290715398905, 0.042632555833511, 0, -0.845, "curve" ],
					"gain~" : [ 121 ],
					"gain~[1]" : [ 86 ],
					"matrixctrl" : [ 0, 0, 1, 0, 2, 1, 2, 1, 1, 4, 0, 1, 6, 1, 1, 8, 0, 1, 8, 2, 1, 10, 1, 1, 11, 2, 1, 12, 0, 1, 14, 1, 1, 15, 0, 1, 15, 1, 1 ],
					"number" : [ 110.0 ],
					"number[10]" : [ 9.0 ],
					"number[3]" : [ 9.771397737021211 ],
					"number[4]" : [ 660.0 ],
					"number[5]" : [ 1 ],
					"number[6]" : [ 0 ],
					"number[7]" : [ 15 ],
					"number[8]" : [ 8 ],
					"number[9]" : [ 660.0 ],
					"rslider" : [ 0.0, 0.0 ],
					"rslider[1]" : [ 0.0, 0.0 ],
					"rslider[2]" : [ 0.0, 0.0 ],
					"rslider[3]" : [ 0.0, 0.0 ],
					"slider" : [ 97.713977370212092 ],
					"toggle" : [ 0 ],
					"toggle[1]" : [ 0 ],
					"toggle[27]" : [ 0 ],
					"toggle[2]" : [ 1 ],
					"toggle[3]" : [ 0 ],
					"toggle[4]" : [ 0 ],
					"toggle[53]" : [ 1 ],
					"toggle[54]" : [ 1 ],
					"toggle[55]" : [ 1 ],
					"toggle[56]" : [ 1 ],
					"toggle[5]" : [ 0 ],
					"toggle[6]" : [ 0 ],
					"toggle[7]" : [ 1 ]
				}

			}
,
			"4" : 			{
				"id" : 4,
				"data" : 				{
					"button" : [ 1.0 ],
					"button[10]" : [ 1.0 ],
					"button[1]" : [ 1.0 ],
					"button[2]" : [ 1.0 ],
					"button[3]" : [ 1.0 ],
					"button[4]" : [ 1.0 ],
					"button[56]" : [ 1.0 ],
					"button[57]" : [ 1.0 ],
					"button[58]" : [ 1.0 ],
					"button[59]" : [ 1.0 ],
					"button[5]" : [ 1.0 ],
					"button[60]" : [ 1.0 ],
					"button[61]" : [ 1.0 ],
					"button[62]" : [ 1.0 ],
					"button[63]" : [ 1.0 ],
					"button[6]" : [ 1.0 ],
					"button[7]" : [ 1.0 ],
					"button[8]" : [ 1.0 ],
					"button[9]" : [ 1.0 ],
					"function" : [ 1000.0, 0.0, 0.990000009536743, 0.0, 0.0, 0, 0.0, 0.0, 0.990000009536743, 0, 0.0, 96.054508204584849, 0.0, 0, -0.7, "curve" ],
					"function[1]" : [ 2000.0, 0.0, 1.0, 0.0, 0.0, 0, 0.0, 0.0, 1.0, 0, -0.7, 305.62798065095177, 0.990201165515136, 0, 0.0, 1039.135134213236142, 0.0, 0, -0.65, "curve" ],