{
	"pattrstorage" : 	{
		"name" : "hyena[1]",
		"slots" : 		{
			"1" : 			{
				"id" : 1,
				"data" : 				{
					"button" : [ 1.0 ],
					"button[10]" : [ 1.0 ],
					"button[1]" : [ 1.0 ],
					"button[2]" : [ 1.0 ],
					"button[3]" : [ 1.0 ],
					"button[4]" : [ 1.0 ],
					"button[56]" : [ 1.0 ],
					"button[57]" : [ 1.0 ],
					"button[58]" : [ 1.0 ],
					"button[59]" : [ 1.0 ],
					"button[5]" : [ 1.0 ],
					"button[60]" : [ 1.0 ],
					"button[61]" : [ 1.0 ],
					"button[62]" : [ 1.0 ],
					"button[63]" : [ 1.0 ],
					"button[6]" : [ 1.0 ],
					"button[7]" : [ 1.0 ],
					"button[8]" : [ 1.0 ],
					"button[9]" : [ 1.0 ],
					"function" : [ 1000.0, 0.0, 0.990000009536743, 0.0, 0.0, 0, 0.0, 0.0, 0.990000009536743, 0, 0.0, 61.12559613019036, 0.0, 0, -0.6, 755.337723608780834, 0.0, 0, -0.7, "curve" ],
					"function[1]" : [ 2000.0, 0.0, 1.0, 0.0, 0.0, 0, 0.0, 0.0, 1.0, 0, -0.7, 305.62798065095177, 0.990201165515136, 0, 0.0, 1720.248919663928518, 0.0, 0, -0.65, "curve" ],
					"function[2]" : [ 2000.0, 0.0, 1.0, 0.0, 0.0, 0, 0.65, 0.0, 0.981499097144374, 0, 0.0, 22.8439265485076, 0.0, 0, -0.35, 22.8439265485076, 1.0, 0, 0.0, 61.678601680970523, 0.0, 0, -0.45, 61.678601680970523, 0.935649003127521, 0, 0.0, 95.944491503731925, 0.0, 0, -0.6, 95.944491503731925, 0.935649003127521, 0, 0.0, 127.925988671642571, 0.0, 0, -0.55, 127.925988671642571, 0.935649003127521, 0, 0.0, 411.190677873136849, 0.0, 0, -0.85, "curve" ],
					"function[3]" : [ 2000.0, 0.0, 1.0, 0.0, 0.0, 0, 0.0, 0.0, 1.0, 0, 0.5, 34.928912074394489, 1.0, 0, 0.0, 130.983420278979338, 0.0, 0, -0.55, 349.28912074394492, 0.990201165515136, 0, 0.6, 550.130365171713265, 1.0, 0, -0.7, 1545.604359291956143, 0.0, 0, -0.445, "curve" ],
					"gain~" : [ 125 ],
					"gain~[1]" : [ 123 ],
					"matrixctrl" : [ 0, 0, 1, 0, 2, 1, 6, 0, 1, 8, 1, 1, 12, 0, 1, 14, 1, 1 ],
					"number" : [ 55.0 ],
					"number[10]" : [ 1.0 ],
					"number[11]" : [ 7 ],
					"number[12]" : [ 1 ],
					"number[13]" : [ 55 ],
					"number[1]" : [ 11 ],
					"number[2]" : [ 11 ],
					"number[3]" : [ 10.793030726351061 ],
					"number[4]" : [ 80.0 ],
					"number[5]" : [ 0 ],
					"number[6]" : [ 7 ],
					"number[7]" : [ 11 ],
					"number[8]" : [ 11 ],
					"number[9]" : [ 495.0 ],
					"rslider" : [ 0.0, 0.0 ],
					"rslider[1]" : [ 0.0, 0.0 ],
					"rslider[2]" : [ 0.0, 0.261562958980412 ],
					"rslider[3]" : [ 0.0, 0.0 ],
					"slider" : [ 107.930307263510599 ],
					"toggle" : [ 0 ],
					"toggle[1]" : [ 0 ],
					"toggle[27]" : [ 0 ],
					"toggle[2]" : [ 0 ],
					"toggle[3]" : [ 0 ],
					"toggle[4]" : [ 0 ],
					"toggle[53]" : [ 0 ],
					"toggle[5]" : [ 0 ],
					"toggle[6]" : [ 0 ],
					"toggle[7]" : [ 0 ]
				}

			}
,
			"2" : 			{
				"id" : 2,
				"data" : 				{
					"button" : [ 1.0 ],
					"button[10]" : [ 1.0 ],
					"button[1]" : [ 1.0 ],
					"button[2]" : [ 1.0 ],
					"button[3]" : [ 1.0 ],
					"button[4]" : [ 1.0 ],
					"button[56]" : [ 1.0 ],
					"button[57]" : [ 1.0 ],
					"button[58]" : [ 1.0 ],
					"button[59]" : [ 1.0 ],
					"button[5]" : [ 1.0 ],
					"button[60]" : [ 1.0 ],
					"button[61]" : [ 1.0 ],
					"button[62]" : [ 1.0 ],
					"button[63]" : [ 1.0 ],
					"button[6]" : [ 1.0 ],
					"button[7]" : [ 1.0 ],
					"button[8]" : [ 1.0 ],
					"button[9]" : [ 1.0 ],
					"function" : [ 1000.0, 0.0, 0.990000009536743, 0.0, 0.0, 0, 0.0, 0.0, 0.990000009536743, 0, 0.0, 61.12559613019036, 0.0, 0, -0.6, 755.337723608780834, 0.0, 0, -0.7, "curve" ],
					"function[1]" : [ 2000.0, 0.0, 1.0, 0.0, 0.0, 0, 0.0, 0.0, 1.0, 0, -0.7, 305.62798065095177, 0.0, 0, -0.65, 305.62798065095177, 0.990201165515136, 0, 0.0, 1720.248919663928518, 0.0, 0, -0.65, "curve" ],
					"function[2]" : [ 2000.0, 0.0, 1.0, 0.0, 0.0, 0, 0.65, 0.0, 0.981499097144374, 0, 0.0, 93.660098848881162, 0.522998156975845, 0, -0.45, 95.944491503731925, 0.935649003127521, 0, 0.0, 127.925988671642571, 0.0, 0, -0.55, 127.925988671642571, 0.935649003127521, 0, 0.0, 411.190677873136849, 0.0, 0, -0.85, "curve" ],
					"function[3]" : [ 2000.0, 0.0, 1.0, 0.0, 0.0, 0, 0.0, 0.0, 1.0, 0, 0.5, 34.928912074394489, 1.0, 0, 0.0, 130.983420278979338, 0.0, 0, -0.55, 349.28912074394492, 0.990201165515136, 0, 0.6, 550.130365171713265, 1.0, 0, -0.7, 1545.604359291956143, 0.0, 0, -0.445, "curve" ],
					"gain~" : [ 125 ],
					"gain~[1]" : [ 123 ],
					"matrixctrl" : [ 0, 0, 1, 0, 2, 1, 6, 0, 1, 8, 0, 1, 8, 1, 1, 12, 0, 1, 14, 1, 1 ],
					"number" : [ 55.0 ],
					"number[10]" : [ 1.0 ],
					"number[11]" : [ 7 ],
					"number[12]" : [ 1 ],
					"number[13]" : [ 990 ],
					"number[1]" : [ 1 ],
					"number[2]" : [ 1 ],
					"number[3]" : [ 43.113040721940649 ],
					"number[4]" : [ 80.0 ],
					"number[5]" : [ 0 ],
					"number[6]" : [ 7 ],
					"number[7]" : [ 1 ],
					"number[8]" : [ 1 ],
					"number[9]" : [ 495.0 ],
					"rslider" : [ 0.0, 0.0 ],
					"rslider[1]" : [ 0.0, 0.0 ],
					"rslider[2]" : [ 0.0, 0.261562958980412 ],
					"rslider[3]" : [ 0.0, 0.0 ],
					"slider" : [ 431.130407219406493 ],
					"toggle" : [ 0 ],
					"toggle[1]" : [ 0 ],
					"toggle[27]" : [ 0 ],
					"toggle[2]" : [ 0 ],
					"toggle[3]" : [ 0 ],
					"toggle[4]" : [ 0 ],
					"toggle[53]" : [ 0 ],
					"toggle[5]" : [ 0 ],
					"toggle[6]" : [ 0 ],
					"toggle[7]" : [ 1 ]
				}

			}
,
			"3" : 			{
				"id" : 3,
				"data" : 				{
					"button" : [ 1.0 ],
					"button[10]" : [ 1.0 ],
					"button[1]" : [ 1.0 ],
					"button[2]" : [ 1.0 ],
					"button[3]" : [ 1.0 ],
					"button[4]" : [ 1.0 ],
					"button[56]" : [ 1.0 ],
					"button[57]" : [ 1.0 ],
					"button[58]" : [ 1.0 ],
					"button[59]" : [ 1.0 ],
					"button[5]" : [ 1.0 ],
					"button[60]" : [ 1.0 ],
					"button[61]" : [ 1.0 ],
					"button[62]" : [ 1.0 ],
					"button[63]" : [ 1.0 ],
					"button[6]" : [ 1.0 ],
					"button[7]" : [ 1.0 ],
					"button[8]" : [ 1.0 ],
					"button[9]" : [ 1.0 ],
					"function" : [ 1000.0, 0.0, 0.990000009536743, 0.0, 0.0, 0, 0.0, 0.0, 0.990000009536743, 0, 0.0, 61.12559613019036, 0.0, 0, -0.6, 755.337723608780834, 0.0, 0, -0.7, "curve" ],
					"function[1]" : [ 2000.0, 0.0, 1.0, 0.0, 0.0, 0, 0.0, 0.0, 1.0, 0, -0.7, 305.62798065095177, 0.0, 0, -0.65, 305.62798065095177, 0.990201165515136, 0, 0.0, 1720.248919663928518, 0.0, 0, -0.65, "curve" ],
					"function[2]" : [ 2000.0, 0.0, 1.0, 0.0, 0.0, 0, 0.65, 0.0, 0.981499097144374, 0, 0.0, 127.925988671642571, 0.935649003127521, 0, 0.0, 411.190677873136849, 0.0, 0, -0.85, "curve" ],
					"function[3]" : [ 2000.0, 0.0, 1.0, 0.0, 0.0, 0, 0.0, 0.0, 1.0, 0, 0.5, 34.928912074394489, 1.0, 0, 0.0, 130.983420278979338, 0.0, 0, -0.55, 349.28912074394492, 0.990201165515136, 0, 0.6, 550.130365171713265, 1.0, 0, -0.7, 1545.604359291956143, 0.0, 0, -0.445, "curve" ],
					"gain~" : [ 125 ],
					"gain~[1]" : [ 95 ],
					"matrixctrl" : [ 0, 0, 1, 0, 2, 1, 2, 1, 1, 6, 0, 1, 6, 1, 1, 8, 0, 1, 10, 1, 1, 12, 0, 1, 12, 2, 1, 14, 1, 1 ],
					"number" : [ 55.0 ],
					"number[10]" : [ 12.0 ],
					"number[11]" : [ 7 ],
					"number[12]" : [ 1 ],
					"number[13]" : [ 660 ],
					"number[1]" : [ 7 ],
					"number[2]" : [ 7 ],
					"number[3]" : [ 43.113040721940649 ],
					"number[4]" : [ 80.0 ],
					"number[5]" : [ 0 ],
					"number[6]" : [ 7 ],
					"number[7]" : [ 7 ],
					"number[8]" : [ 7 ],
					"number[9]" : [ 495.0 ],
					"rslider" : [ 0.0, 0.0 ],
					"rslider[1]" : [ 0.0, 0.0 ],
					"rslider[2]" : [ 0.0, 0.261562958980412 ],
					"rslider[3]" : [ 0.0, 0.0 ],
					"slider" : [ 431.130407219406493 ],
					"toggle" : [ 0 ],
					"toggle[1]" : [ 0 ],
					"toggle[27]" : [ 0 ],
					"toggle[2]" : [ 0 ],
					"toggle[3]" : [ 0 ],
					"toggle[4]" : [ 0 ],
					"toggle[53]" : [ 0 ],
					"toggle[5]" : [ 0 ],
					"toggle[6]" : [ 0 ],
					"toggle[7]" : [ 0 ]
				}

			}
,
			"4" : 			{
				"id" : 4,
				"data" : 				{
					"button" : [ 1.0 ],
					"button[10]" : [ 1.0 ],
					"button[1]" : [ 1.0 ],
					"button[2]" : [ 1.0 ],
					"button[3]" : [ 1.0 ],
					"button[4]" : [ 1.0 ],
					"button[56]" : [ 1.0 ],